{"Progress": 0, "_timestamp": 1762243293, "_runtime": 325, "Accuracy/ConvNet": 0.16886, "Max_Accuracy/ConvNet": 0.16886, "Std/ConvNet": 0.0011377170122662315, "Max_Std/ConvNet": 0.0011377170122662315, "Pixels": {"_type": "histogram", "values": [1, 1, 6, 1, 3, 9, 21, 25, 53, 74, 133, 180, 231, 425, 668, 1067, 1604, 2416, 3544, 5395, 8181, 12068, 17386, 25555, 35885, 51164, 72195, 100569, 138746, 187377, 244512, 294602, 324675, 331365, 253525, 182312, 131131, 94180, 68770, 50359, 36527, 26275, 18810, 13534, 9356, 6630, 4509, 3002, 2039, 1284, 861, 586, 346, 247, 147, 100, 57, 38, 17, 11, 5, 2, 1, 2], "bins": [-1.9753668308258057, -1.9146225452423096, -1.8538782596588135, -1.7931339740753174, -1.7323896884918213, -1.6716452836990356, -1.6109009981155396, -1.5501567125320435, -1.4894124269485474, -1.4286681413650513, -1.3679238557815552, -1.307179570198059, -1.246435284614563, -1.185690999031067, -1.1249465942382812, -1.0642023086547852, -1.003458023071289, -0.942713737487793, -0.8819694519042969, -0.8212251663208008, -0.7604808807373047, -0.6997365355491638, -0.6389922499656677, -0.5782479643821716, -0.5175036787986755, -0.45675936341285706, -0.39601507782936096, -0.3352707624435425, -0.2745264768600464, -0.2137821763753891, -0.1530378758907318, -0.09229357540607452, -0.031549274921417236, 0.029195023700594902, 0.08993932604789734, 0.15068362653255463, 0.21142792701721191, 0.272172212600708, 0.3329165279865265, 0.3936608135700226, 0.45440512895584106, 0.5151494145393372, 0.5758937001228333, 0.6366379857063293, 0.6973823308944702, 0.7581266164779663, 0.8188709020614624, 0.8796151876449585, 0.9403594732284546, 1.0011037588119507, 1.0618480443954468, 1.1225924491882324, 1.1833367347717285, 1.2440810203552246, 1.3048253059387207, 1.3655695915222168, 1.426313877105713, 1.487058162689209, 1.547802448272705, 1.6085467338562012, 1.6692911386489868, 1.730035424232483, 1.790779709815979, 1.851523995399475, 1.9122682809829712]}, "Synthetic_Images": {"_type": "image-file", "path": "media/images/Synthetic_Images_0_1906607a45f6ddb6f704.png", "sha256": "1906607a45f6ddb6f70468a72db3a9db48809d5532fc5ef7ae8f304aa640f049", "size": 3367951, "format": "png", "width": 1302, "height": 11702}, "Synthetic_Pixels": {"_type": "histogram", "values": [1, 1, 6, 1, 3, 9, 21, 25, 53, 74, 133, 180, 231, 425, 668, 1067, 1604, 2416, 3544, 5395, 8181, 12068, 17386, 25555, 35885, 51164, 72195, 100569, 138746, 187377, 244512, 294602, 324675, 331365, 253525, 182312, 131131, 94180, 68770, 50359, 36527, 26275, 18810, 13534, 9356, 6630, 4509, 3002, 2039, 1284, 861, 586, 346, 247, 147, 100, 57, 38, 17, 11, 5, 2, 1, 2], "bins": [-1.9753668308258057, -1.9146225452423096, -1.8538782596588135, -1.7931339740753174, -1.7323896884918213, -1.6716452836990356, -1.6109009981155396, -1.5501567125320435, -1.4894124269485474, -1.4286681413650513, -1.3679238557815552, -1.307179570198059, -1.246435284614563, -1.185690999031067, -1.1249465942382812, -1.0642023086547852, -1.003458023071289, -0.942713737487793, -0.8819694519042969, -0.8212251663208008, -0.7604808807373047, -0.6997365355491638, -0.6389922499656677, -0.5782479643821716, -0.5175036787986755, -0.45675936341285706, -0.39601507782936096, -0.3352707624435425, -0.2745264768600464, -0.2137821763753891, -0.1530378758907318, -0.09229357540607452, -0.031549274921417236, 0.029195023700594902, 0.08993932604789734, 0.15068362653255463, 0.21142792701721191, 0.272172212600708, 0.3329165279865265, 0.3936608135700226, 0.45440512895584106, 0.5151494145393372, 0.5758937001228333, 0.6366379857063293, 0.6973823308944702, 0.7581266164779663, 0.8188709020614624, 0.8796151876449585, 0.9403594732284546, 1.0011037588119507, 1.0618480443954468, 1.1225924491882324, 1.1833367347717285, 1.2440810203552246, 1.3048253059387207, 1.3655695915222168, 1.426313877105713, 1.487058162689209, 1.547802448272705, 1.6085467338562012, 1.6692911386489868, 1.730035424232483, 1.790779709815979, 1.851523995399475, 1.9122682809829712]}, "Clipped_Synthetic_Images/std_2.5": {"_type": "image-file", "path": "media/images/Clipped_Synthetic_Images/std_2.5_0_79148612000f3eb3f4c4.png", "sha256": "79148612000f3eb3f4c4c813fe1c3f957eb944775111d50189219ee3580a17b5", "size": 3581044, "format": "png", "width": 1302, "height": 11702}, "Reconstructed_Images": {"_type": "image-file", "path": "media/images/Reconstructed_Images_0_f4645b993f2f65240c1b.png", "sha256": "f4645b993f2f65240c1b8994130b8f0e58359b409867aec8dcbd8433a9aebd84", "size": 3109267, "format": "png", "width": 1302, "height": 11702}, "Reconstructed_Pixels": {"_type": "histogram", "values": [28981, 24167, 26143, 27259, 30440, 32143, 35053, 36858, 40286, 43487, 44838, 47431, 48567, 50543, 51376, 51984, 53425, 55177, 55423, 56183, 56411, 57425, 57575, 57502, 57423, 58718, 58375, 59038, 58385, 57612, 56572, 54877, 53563, 51881, 50862, 50898, 49638, 49155, 49086, 47677, 45891, 43427, 41870, 40350, 38681, 37222, 36656, 37685, 37146, 34309, 32326, 29570, 27733, 26526, 24568, 24735, 23794, 22985, 21079, 20609, 18820, 19871, 27312, 119198], "bins": [-0.0006669056601822376, 0.014972707256674767, 0.030612321570515633, 0.04625193402171135, 0.061891548335552216, 0.07753115892410278, 0.09317077696323395, 0.10881038755178452, 0.12444999814033508, 0.14008961617946625, 0.15572921931743622, 0.17136883735656738, 0.18700845539569855, 0.2026480734348297, 0.21828767657279968, 0.23392729461193085, 0.249566912651062, 0.265206515789032, 0.28084611892700195, 0.2964857518672943, 0.3121253550052643, 0.32776495814323425, 0.3434045910835266, 0.3590441942214966, 0.37468379735946655, 0.3903234302997589, 0.4059630334377289, 0.42160263657569885, 0.4372422695159912, 0.4528818726539612, 0.46852150559425354, 0.4841611087322235, 0.4998007118701935, 0.5154403448104858, 0.5310799479484558, 0.5467195510864258, 0.5623591542243958, 0.5779987573623657, 0.5936384201049805, 0.6092780232429504, 0.6249176263809204, 0.6405572295188904, 0.6561968326568604, 0.6718364357948303, 0.6874760985374451, 0.703115701675415, 0.718755304813385, 0.734394907951355, 0.750034511089325, 0.7656741142272949, 0.7813137769699097, 0.7969533801078796, 0.8125929832458496, 0.8282325863838196, 0.8438721895217896, 0.8595117926597595, 0.8751514554023743, 0.8907910585403442, 0.9064306616783142, 0.9220702648162842, 0.9377098679542542, 0.9533494710922241, 0.9689891338348389, 0.9846287369728088, 1.0002683401107788]}, "Clipped_Reconstructed_Images/std_2.5": {"_type": "image-file", "path": "media/images/Clipped_Reconstructed_Images/std_2.5_0_f4645b993f2f65240c1b.png", "sha256": "f4645b993f2f65240c1b8994130b8f0e58359b409867aec8dcbd8433a9aebd84", "size": 3109267, "format": "png", "width": 1302, "height": 11702}, "Synthetic_LR": 0.009999999776482582, "Grand_Loss": 0.993748664855957, "Start_Epoch": 0, "_step": 0}