{"Accuracy/ConvNet": 0.12986, "Max_Accuracy/ConvNet": 0.12948666666666667, "Std/ConvNet": 0.0016255460620972857, "Max_Std/ConvNet": 0.004840909005548439, "_timestamp": 1762261346, "_runtime": 21956, "Synthetic_LR": 0.0005049509345553815, "Img_LR": 0.0, "Progress": 6000, "Grand_Loss": 0.9997588992118835, "Param_Loss_Norm": 0.9997561573982239, "TV": 2.6723480459622806e-06, "PIX": 6.384085082800084e-08, "Start_Epoch": 1, "cur_img_lr": 0.0, "syn_lr_effective": 0.0005049509345553815, "_step": 6000, "_wandb": {"runtime": 21954}}