{"Progress": 0, "_timestamp": 1762284763, "_runtime": 1061, "Accuracy/ConvNet": 0.29622000000000004, "Max_Accuracy/ConvNet": 0.29622000000000004, "Std/ConvNet": 0.0022542404485768504, "Max_Std/ConvNet": 0.0022542404485768504, "Pixels": {"_type": "histogram", "values": [7, 3, 10, 20, 26, 33, 76, 108, 188, 335, 533, 913, 1386, 2355, 3768, 6219, 9814, 15100, 22789, 34624, 51340, 77198, 115695, 169220, 245483, 353727, 505395, 716252, 993096, 1339935, 1687181, 1832313, 1824200, 1375029, 973798, 693822, 499070, 358322, 256277, 182918, 128244, 88904, 60923, 40912, 27618, 17742, 11798, 7773, 4928, 3148, 1973, 1230, 765, 487, 242, 151, 82, 46, 28, 15, 7, 5, 0, 1], "bins": [-2.0508852005004883, -1.9859113693237305, -1.9209375381469727, -1.8559637069702148, -1.790989875793457, -1.7260160446166992, -1.6610420942306519, -1.596068263053894, -1.5310944318771362, -1.4661206007003784, -1.4011467695236206, -1.3361729383468628, -1.271199107170105, -1.2062252759933472, -1.1412514448165894, -1.0762776136398315, -1.0113036632537842, -0.9463298916816711, -0.8813560605049133, -0.8163821697235107, -0.7514083385467529, -0.6864345073699951, -0.6214606761932373, -0.5564868450164795, -0.4915129840373993, -0.4265391528606415, -0.3615652918815613, -0.29659146070480347, -0.23161761462688446, -0.16664376854896545, -0.10166992992162704, -0.03669608756899834, 0.02827775478363037, 0.09325160086154938, 0.15822544693946838, 0.2231992781162262, 0.2881731390953064, 0.3531469702720642, 0.418120801448822, 0.4830946624279022, 0.5480685234069824, 0.6130423545837402, 0.678016185760498, 0.7429900169372559, 0.8079638481140137, 0.8729376792907715, 0.9379115700721741, 1.002885341644287, 1.067859172821045, 1.1328331232070923, 1.19780695438385, 1.262780785560608, 1.3277546167373657, 1.3927284479141235, 1.4577022790908813, 1.5226761102676392, 1.587649941444397, 1.6526237726211548, 1.7175976037979126, 1.78257155418396, 1.8475453853607178, 1.9125192165374756, 1.9774930477142334, 2.042466878890991, 2.107440710067749]}, "Synthetic_Images": {"_type": "image-file", "path": "media/images/Synthetic_Images_0_695ea447f022f8f4745e.png", "sha256": "695ea447f022f8f4745e3c0b5a5c327512fc0ef7c7a5f0dade7bca26e6e4ee3b", "size": 17903994, "format": "png", "width": 1302, "height": 62402}, "Synthetic_Pixels": {"_type": "histogram", "values": [7, 3, 10, 20, 26, 33, 76, 108, 188, 335, 533, 913, 1386, 2355, 3768, 6219, 9814, 15100, 22789, 34624, 51340, 77198, 115695, 169220, 245483, 353727, 505395, 716252, 993096, 1339935, 1687181, 1832313, 1824200, 1375029, 973798, 693822, 499070, 358322, 256277, 182918, 128244, 88904, 60923, 40912, 27618, 17742, 11798, 7773, 4928, 3148, 1973, 1230, 765, 487, 242, 151, 82, 46, 28, 15, 7, 5, 0, 1], "bins": [-2.0508852005004883, -1.9859113693237305, -1.9209375381469727, -1.8559637069702148, -1.790989875793457, -1.7260160446166992, -1.6610420942306519, -1.596068263053894, -1.5310944318771362, -1.4661206007003784, -1.4011467695236206, -1.3361729383468628, -1.271199107170105, -1.2062252759933472, -1.1412514448165894, -1.0762776136398315, -1.0113036632537842, -0.9463298916816711, -0.8813560605049133, -0.8163821697235107, -0.7514083385467529, -0.6864345073699951, -0.6214606761932373, -0.5564868450164795, -0.4915129840373993, -0.4265391528606415, -0.3615652918815613, -0.29659146070480347, -0.23161761462688446, -0.16664376854896545, -0.10166992992162704, -0.03669608756899834, 0.02827775478363037, 0.09325160086154938, 0.15822544693946838, 0.2231992781162262, 0.2881731390953064, 0.3531469702720642, 0.418120801448822, 0.4830946624279022, 0.5480685234069824, 0.6130423545837402, 0.678016185760498, 0.7429900169372559, 0.8079638481140137, 0.8729376792907715, 0.9379115700721741, 1.002885341644287, 1.067859172821045, 1.1328331232070923, 1.19780695438385, 1.262780785560608, 1.3277546167373657, 1.3927284479141235, 1.4577022790908813, 1.5226761102676392, 1.587649941444397, 1.6526237726211548, 1.7175976037979126, 1.78257155418396, 1.8475453853607178, 1.9125192165374756, 1.9774930477142334, 2.042466878890991, 2.107440710067749]}, "Clipped_Synthetic_Images/std_2.5": {"_type": "image-file", "path": "media/images/Clipped_Synthetic_Images/std_2.5_0_0f6edc68d5fa0b508e8a.png", "sha256": "0f6edc68d5fa0b508e8aff236e7541bbf8846012637f1f6bee34f2450e5ecfc4", "size": 19026845, "format": "png", "width": 1302, "height": 62402}, "Reconstructed_Images": {"_type": "image-file", "path": "media/images/Reconstructed_Images_0_6c3ab1b54849ea14f3c8.png", "sha256": "6c3ab1b54849ea14f3c8f13a92eaccf318550ef39b48d300fd8cf6495d1b80b1", "size": 16537533, "format": "png", "width": 1302, "height": 62402}, "Reconstructed_Pixels": {"_type": "histogram", "values": [213062, 148185, 147825, 161520, 173683, 186834, 199401, 210790, 224239, 237312, 248336, 258771, 263292, 270062, 277793, 284580, 287004, 293863, 296794, 301341, 304152, 304687, 304694, 303254, 301856, 303112, 300117, 299110, 295710, 289346, 286166, 284397, 280787, 277342, 269201, 263843, 257957, 252423, 248500, 242337, 236214, 229137, 219650, 210477, 200788, 194018, 186445, 185598, 179755, 171342, 165763, 158589, 151902, 145626, 139014, 134912, 130109, 128439, 122954, 121151, 115945, 121569, 155272, 587253], "bins": [-0.0007646279409527779, 0.01487805787473917, 0.030520744621753693, 0.04616342857480049, 0.06180611625313759, 0.07744880020618439, 0.09309148788452148, 0.10873417556285858, 0.12437686324119568, 0.14001955091953278, 0.15566223859786987, 0.17130492627620697, 0.18694759905338287, 0.20259028673171997, 0.21823297441005707, 0.23387566208839417, 0.24951834976673126, 0.26516103744506836, 0.28080371022224426, 0.29644641280174255, 0.31208908557891846, 0.32773178815841675, 0.34337446093559265, 0.35901716351509094, 0.37465983629226685, 0.39030253887176514, 0.40594521164894104, 0.42158788442611694, 0.43723058700561523, 0.45287325978279114, 0.46851596236228943, 0.48415863513946533, 0.4998013377189636, 0.5154440402984619, 0.5310866832733154, 0.5467293858528137, 0.562372088432312, 0.5780147314071655, 0.5936574339866638, 0.6093001365661621, 0.6249428391456604, 0.6405854821205139, 0.6562281847000122, 0.6718708872795105, 0.6875135898590088, 0.7031562328338623, 0.7187989354133606, 0.7344416379928589, 0.7500842809677124, 0.7657269835472107, 0.781369686126709, 0.7970123887062073, 0.8126550316810608, 0.8282977342605591, 0.8439404368400574, 0.8595830798149109, 0.8752257823944092, 0.8908684849739075, 0.9065111875534058, 0.9221538305282593, 0.9377965331077576, 0.9534392356872559, 0.9690819382667542, 0.9847245812416077, 1.000367283821106]}, "Clipped_Reconstructed_Images/std_2.5": {"_type": "image-file", "path": "media/images/Clipped_Reconstructed_Images/std_2.5_0_6c3ab1b54849ea14f3c8.png", "sha256": "6c3ab1b54849ea14f3c8f13a92eaccf318550ef39b48d300fd8cf6495d1b80b1", "size": 16537533, "format": "png", "width": 1302, "height": 62402}, "Synthetic_LR": 0.009999999776482582, "_step": 0, "_wandb": {"runtime": 1061}}