{"Progress": 0, "_timestamp": 1762243922, "_runtime": 320, "Accuracy/ConvNet": 0.17071999999999998, "Max_Accuracy/ConvNet": 0.17071999999999998, "Std/ConvNet": 0.0025941472587345514, "Max_Std/ConvNet": 0.0025941472587345514, "Pixels": {"_type": "histogram", "values": [5, 2, 4, 9, 11, 34, 57, 95, 133, 217, 368, 591, 833, 1331, 1967, 2821, 4292, 6178, 9476, 14057, 20754, 29347, 41880, 59695, 84835, 117119, 160550, 215581, 278511, 325726, 343146, 289390, 209351, 152408, 110313, 80795, 59044, 42552, 31368, 22215, 15394, 10860, 7443, 4865, 3231, 2200, 1410, 849, 573, 319, 229, 143, 93, 55, 35, 17, 8, 8, 1, 1, 2, 0, 2, 1], "bins": [-1.8325327634811401, -1.7714691162109375, -1.7104054689407349, -1.6493419408798218, -1.5882782936096191, -1.5272146463394165, -1.4661509990692139, -1.4050873517990112, -1.3440238237380981, -1.2829601764678955, -1.2218965291976929, -1.1608328819274902, -1.0997692346572876, -1.0387057065963745, -0.9776420593261719, -0.9165784120559692, -0.8555147647857666, -0.7944511771202087, -0.7333875298500061, -0.6723239421844482, -0.6112602949142456, -0.5501967072486877, -0.4891330599784851, -0.42806944251060486, -0.3670058250427246, -0.305942177772522, -0.24487856030464172, -0.18381494283676147, -0.12275131791830063, -0.06168769299983978, -0.0006240718066692352, 0.06043954938650131, 0.12150317430496216, 0.1825667917728424, 0.24363042414188385, 0.3046940565109253, 0.36575767397880554, 0.4268212914466858, 0.48788490891456604, 0.5489485263824463, 0.6100121736526489, 0.6710757613182068, 0.7321394085884094, 0.7932030558586121, 0.8542666435241699, 0.9153302907943726, 0.9763938784599304, 1.0374574661254883, 1.098521113395691, 1.1595847606658936, 1.2206484079360962, 1.2817120552062988, 1.342775583267212, 1.4038392305374146, 1.4649028778076172, 1.5259665250778198, 1.5870301723480225, 1.6480937004089355, 1.7091573476791382, 1.7702209949493408, 1.8312846422195435, 1.892348289489746, 1.9534118175506592, 2.0144755840301514, 2.0755391120910645]}, "Synthetic_Images": {"_type": "image-file", "path": "media/images/Synthetic_Images_0_526669e5ac410e928ac0.png", "sha256": "526669e5ac410e928ac08f4d2938893b8c453ec93bde4941d103ef91add48fcd", "size": 3364303, "format": "png", "width": 1302, "height": 11702}, "Synthetic_Pixels": {"_type": "histogram", "values": [5, 2, 4, 9, 11, 34, 57, 95, 133, 217, 368, 591, 833, 1331, 1967, 2821, 4292, 6178, 9476, 14057, 20754, 29347, 41880, 59695, 84835, 117119, 160550, 215581, 278511, 325726, 343146, 289390, 209351, 152408, 110313, 80795, 59044, 42552, 31368, 22215, 15394, 10860, 7443, 4865, 3231, 2200, 1410, 849, 573, 319, 229, 143, 93, 55, 35, 17, 8, 8, 1, 1, 2, 0, 2, 1], "bins": [-1.8325327634811401, -1.7714691162109375, -1.7104054689407349, -1.6493419408798218, -1.5882782936096191, -1.5272146463394165, -1.4661509990692139, -1.4050873517990112, -1.3440238237380981, -1.2829601764678955, -1.2218965291976929, -1.1608328819274902, -1.0997692346572876, -1.0387057065963745, -0.9776420593261719, -0.9165784120559692, -0.8555147647857666, -0.7944511771202087, -0.7333875298500061, -0.6723239421844482, -0.6112602949142456, -0.5501967072486877, -0.4891330599784851, -0.42806944251060486, -0.3670058250427246, -0.305942177772522, -0.24487856030464172, -0.18381494283676147, -0.12275131791830063, -0.06168769299983978, -0.0006240718066692352, 0.06043954938650131, 0.12150317430496216, 0.1825667917728424, 0.24363042414188385, 0.3046940565109253, 0.36575767397880554, 0.4268212914466858, 0.48788490891456604, 0.5489485263824463, 0.6100121736526489, 0.6710757613182068, 0.7321394085884094, 0.7932030558586121, 0.8542666435241699, 0.9153302907943726, 0.9763938784599304, 1.0374574661254883, 1.098521113395691, 1.1595847606658936, 1.2206484079360962, 1.2817120552062988, 1.342775583267212, 1.4038392305374146, 1.4649028778076172, 1.5259665250778198, 1.5870301723480225, 1.6480937004089355, 1.7091573476791382, 1.7702209949493408, 1.8312846422195435, 1.892348289489746, 1.9534118175506592, 2.0144755840301514, 2.0755391120910645]}, "Clipped_Synthetic_Images/std_2.5": {"_type": "image-file", "path": "media/images/Clipped_Synthetic_Images/std_2.5_0_8e97d4e1d8755b36da06.png", "sha256": "8e97d4e1d8755b36da06c7f634f07b2cf40d1649ee5497530d7bd57a977d3e01", "size": 3574537, "format": "png", "width": 1302, "height": 11702}, "Reconstructed_Images": {"_type": "image-file", "path": "media/images/Reconstructed_Images_0_b43050003f8274acadb8.png", "sha256": "b43050003f8274acadb87eff8dc5befd42e33aa3d17095f4cd412d62403deefa", "size": 3106599, "format": "png", "width": 1302, "height": 11702}, "Reconstructed_Pixels": {"_type": "histogram", "values": [30196, 23614, 25953, 28466, 31727, 33485, 35174, 37812, 40738, 42687, 44889, 47335, 49363, 51500, 52452, 53962, 55057, 55311, 55963, 57205, 57488, 57821, 58882, 58420, 58290, 58487, 58257, 57409, 56590, 56789, 56370, 55406, 55472, 54317, 52883, 51979, 50658, 50575, 50661, 47516, 45160, 44344, 42722, 40582, 38258, 36661, 35045, 34957, 35134, 31497, 29947, 28471, 26618, 25577, 24141, 22950, 21926, 20882, 20694, 19539, 19246, 19971, 25966, 117353], "bins": [-0.0007331836968660355, 0.01490787323564291, 0.030548930168151855, 0.046189986169338226, 0.0618310421705246, 0.07747209817171097, 0.09311315417289734, 0.10875421017408371, 0.12439527362585068, 0.14003632962703705, 0.15567737817764282, 0.1713184416294098, 0.18695949018001556, 0.20260055363178253, 0.2182416170835495, 0.23388266563415527, 0.24952372908592224, 0.2651647925376892, 0.2808058261871338, 0.29644688963890076, 0.3120879530906677, 0.3277290165424347, 0.3433700501918793, 0.35901111364364624, 0.3746521770954132, 0.3902932405471802, 0.40593430399894714, 0.4215753376483917, 0.4372164011001587, 0.45285746455192566, 0.4684985280036926, 0.4841395616531372, 0.4997806251049042, 0.5154216885566711, 0.5310627222061157, 0.5467038154602051, 0.5623448491096497, 0.577985942363739, 0.5936269760131836, 0.6092680096626282, 0.6249091029167175, 0.6405501365661621, 0.6561911702156067, 0.671832263469696, 0.6874732971191406, 0.70311439037323, 0.7187554240226746, 0.7343964576721191, 0.7500375509262085, 0.7656785845756531, 0.7813196778297424, 0.796960711479187, 0.8126017451286316, 0.828242838382721, 0.8438838720321655, 0.8595249652862549, 0.8751659989356995, 0.890807032585144, 0.9064481258392334, 0.922089159488678, 0.9377301931381226, 0.9533712863922119, 0.9690123200416565, 0.9846534132957458, 1.0002944469451904]}, "Clipped_Reconstructed_Images/std_2.5": {"_type": "image-file", "path": "media/images/Clipped_Reconstructed_Images/std_2.5_0_b43050003f8274acadb8.png", "sha256": "b43050003f8274acadb87eff8dc5befd42e33aa3d17095f4cd412d62403deefa", "size": 3106599, "format": "png", "width": 1302, "height": 11702}, "Synthetic_LR": 0.009999999776482582, "Grand_Loss": 0.9922017455101013, "Start_Epoch": 7, "_step": 0}