{"Progress": 0, "_timestamp": 1762281894, "_runtime": 1010, "Accuracy/ConvNet": 0.36296, "Max_Accuracy/ConvNet": 0.36296, "Std/ConvNet": 0.002906957172027119, "Max_Std/ConvNet": 0.002906957172027119, "Pixels": {"_type": "histogram", "values": [2, 0, 4, 7, 12, 24, 40, 69, 114, 211, 333, 550, 916, 1536, 2420, 3610, 5695, 8788, 13699, 20923, 32258, 48760, 73693, 110179, 160558, 234185, 338171, 483401, 685258, 950628, 1292006, 1650584, 1838892, 1881014, 1428174, 1013536, 720489, 514991, 367821, 262600, 187522, 132703, 91998, 63140, 42667, 28546, 18920, 12102, 8069, 5256, 3350, 2018, 1252, 787, 487, 278, 163, 86, 60, 23, 6, 8, 4, 4], "bins": [-2.1286206245422363, -2.06347918510437, -1.998337984085083, -1.9331965446472168, -1.8680552244186401, -1.8029139041900635, -1.7377725839614868, -1.6726312637329102, -1.607489824295044, -1.5423485040664673, -1.4772071838378906, -1.412065863609314, -1.3469245433807373, -1.2817832231521606, -1.2166417837142944, -1.1515004634857178, -1.0863591432571411, -1.0212178230285645, -0.956076443195343, -0.8909351229667664, -0.8257937431335449, -0.7606524229049683, -0.6955111026763916, -0.6303697228431702, -0.5652284026145935, -0.5000870823860168, -0.4349457025527954, -0.36980438232421875, -0.3046630322933197, -0.23952168226242065, -0.1743803471326828, -0.10923900455236435, -0.0440976619720459, 0.021043680608272552, 0.086185023188591, 0.15132635831832886, 0.2164677083492279, 0.28160905838012695, 0.3467503786087036, 0.41189172863960266, 0.4770330786705017, 0.5421743988990784, 0.6073157787322998, 0.6724570989608765, 0.7375984191894531, 0.8027397990226746, 0.8678811192512512, 0.9330224990844727, 0.9981638193130493, 1.063305139541626, 1.1284464597702026, 1.1935878992080688, 1.2587292194366455, 1.3238705396652222, 1.3890118598937988, 1.4541531801223755, 1.5192945003509521, 1.5844359397888184, 1.649577260017395, 1.7147185802459717, 1.7798599004745483, 1.845001220703125, 1.9101426601409912, 1.9752839803695679, 2.0404253005981445]}, "Synthetic_Images": {"_type": "image-file", "path": "media/images/Synthetic_Images_0_2c033b2c94e679666fcd.png", "sha256": "2c033b2c94e679666fcd3ba5866e96c0aa0f6e662d85030824e73b3dd3400599", "size": 17938941, "format": "png", "width": 1302, "height": 62402}, "Synthetic_Pixels": {"_type": "histogram", "values": [2, 0, 4, 7, 12, 24, 40, 69, 114, 211, 333, 550, 916, 1536, 2420, 3610, 5695, 8788, 13699, 20923, 32258, 48760, 73693, 110179, 160558, 234185, 338171, 483401, 685258, 950628, 1292006, 1650584, 1838892, 1881014, 1428174, 1013536, 720489, 514991, 367821, 262600, 187522, 132703, 91998, 63140, 42667, 28546, 18920, 12102, 8069, 5256, 3350, 2018, 1252, 787, 487, 278, 163, 86, 60, 23, 6, 8, 4, 4], "bins": [-2.1286206245422363, -2.06347918510437, -1.998337984085083, -1.9331965446472168, -1.8680552244186401, -1.8029139041900635, -1.7377725839614868, -1.6726312637329102, -1.607489824295044, -1.5423485040664673, -1.4772071838378906, -1.412065863609314, -1.3469245433807373, -1.2817832231521606, -1.2166417837142944, -1.1515004634857178, -1.0863591432571411, -1.0212178230285645, -0.956076443195343, -0.8909351229667664, -0.8257937431335449, -0.7606524229049683, -0.6955111026763916, -0.6303697228431702, -0.5652284026145935, -0.5000870823860168, -0.4349457025527954, -0.36980438232421875, -0.3046630322933197, -0.23952168226242065, -0.1743803471326828, -0.10923900455236435, -0.0440976619720459, 0.021043680608272552, 0.086185023188591, 0.15132635831832886, 0.2164677083492279, 0.28160905838012695, 0.3467503786087036, 0.41189172863960266, 0.4770330786705017, 0.5421743988990784, 0.6073157787322998, 0.6724570989608765, 0.7375984191894531, 0.8027397990226746, 0.8678811192512512, 0.9330224990844727, 0.9981638193130493, 1.063305139541626, 1.1284464597702026, 1.1935878992080688, 1.2587292194366455, 1.3238705396652222, 1.3890118598937988, 1.4541531801223755, 1.5192945003509521, 1.5844359397888184, 1.649577260017395, 1.7147185802459717, 1.7798599004745483, 1.845001220703125, 1.9101426601409912, 1.9752839803695679, 2.0404253005981445]}, "Clipped_Synthetic_Images/std_2.5": {"_type": "image-file", "path": "media/images/Clipped_Synthetic_Images/std_2.5_0_b8d68d1cab984f8711e8.png", "sha256": "b8d68d1cab984f8711e849d8f54cca22f95936c71897dcb0babcac38059364f4", "size": 19051592, "format": "png", "width": 1302, "height": 62402}, "Reconstructed_Images": {"_type": "image-file", "path": "media/images/Reconstructed_Images_0_6c2625f65bb2b5e8f2dd.png", "sha256": "6c2625f65bb2b5e8f2dd41d49a5e4c5a102b38d7a1b78a410f6d85de4bec76dc", "size": 16569300, "format": "png", "width": 1302, "height": 62402}, "Reconstructed_Pixels": {"_type": "histogram", "values": [186019, 135460, 139187, 149204, 166019, 179340, 193570, 206586, 220032, 233149, 241679, 251775, 260105, 268343, 274817, 281096, 288285, 296459, 298583, 303249, 306804, 307562, 309872, 309393, 309529, 308798, 308563, 305135, 302616, 298714, 295174, 291712, 286059, 281863, 273837, 268725, 263948, 258754, 251977, 244467, 236819, 227423, 221079, 212908, 204493, 196748, 188629, 183424, 182176, 170630, 166141, 161685, 152697, 146966, 140203, 130734, 123427, 121533, 116503, 113470, 109424, 114018, 150369, 617642], "bins": [-0.0008007790893316269, 0.014843064360320568, 0.030486907809972763, 0.04613075032830238, 0.061774592846632004, 0.07741843909025192, 0.09306228160858154, 0.10870612412691116, 0.12434996664524078, 0.139993816614151, 0.15563765168190002, 0.17128150165081024, 0.18692533671855927, 0.20256918668746948, 0.2182130217552185, 0.23385687172412872, 0.24950070679187775, 0.26514455676078796, 0.280788391828537, 0.2964322566986084, 0.3120760917663574, 0.32771992683410645, 0.34336376190185547, 0.3590076267719269, 0.3746514618396759, 0.3902952969074249, 0.40593913197517395, 0.42158299684524536, 0.4372268319129944, 0.4528706669807434, 0.4685145318508148, 0.48415836691856384, 0.49980220198631287, 0.5154460668563843, 0.5310899019241333, 0.5467337369918823, 0.5623775720596313, 0.5780214071273804, 0.5936652421951294, 0.6093091368675232, 0.6249529719352722, 0.6405968070030212, 0.6562406420707703, 0.6718844771385193, 0.6875283122062683, 0.7031721472740173, 0.7188160419464111, 0.7344598770141602, 0.7501037120819092, 0.7657475471496582, 0.7813913822174072, 0.7970352172851562, 0.8126790523529053, 0.8283228874206543, 0.8439667820930481, 0.8596106171607971, 0.8752544522285461, 0.8908982872962952, 0.9065421223640442, 0.9221859574317932, 0.9378297924995422, 0.953473687171936, 0.9691175222396851, 0.9847613573074341, 1.000405192375183]}, "Clipped_Reconstructed_Images/std_2.5": {"_type": "image-file", "path": "media/images/Clipped_Reconstructed_Images/std_2.5_0_6c2625f65bb2b5e8f2dd.png", "sha256": "6c2625f65bb2b5e8f2dd41d49a5e4c5a102b38d7a1b78a410f6d85de4bec76dc", "size": 16569300, "format": "png", "width": 1302, "height": 62402}, "Synthetic_LR": 0.009999999776482582, "_step": 0, "_wandb": {"runtime": 1011}}