{"Progress": 0, "_timestamp": 1762283399, "_runtime": 858, "Accuracy/ConvNet": 0.36273999999999995, "Max_Accuracy/ConvNet": 0.36273999999999995, "Std/ConvNet": 0.002578061287091527, "Max_Std/ConvNet": 0.002578061287091527, "Pixels": {"_type": "histogram", "values": [2, 3, 7, 3, 13, 24, 39, 72, 121, 196, 323, 556, 917, 1401, 2220, 3618, 5479, 8439, 12619, 19116, 29250, 44088, 65885, 97605, 143989, 208595, 300686, 431447, 610076, 848798, 1161501, 1520528, 1769432, 1885359, 1597140, 1146714, 819155, 584830, 419971, 302170, 216338, 153085, 107654, 74239, 51297, 34607, 23154, 15175, 9890, 6613, 4316, 2755, 1612, 1033, 624, 351, 194, 121, 74, 46, 20, 9, 3, 3], "bins": [-2.1286206245422363, -2.0641870498657227, -1.999753475189209, -1.9353199005126953, -1.8708863258361816, -1.806452751159668, -1.7420192956924438, -1.6775857210159302, -1.6131521463394165, -1.5487185716629028, -1.4842849969863892, -1.4198514223098755, -1.3554178476333618, -1.2909842729568481, -1.2265506982803345, -1.1621171236038208, -1.0976836681365967, -1.033250093460083, -0.9688164591789246, -0.9043829441070557, -0.839949369430542, -0.7755157947540283, -0.7110822200775146, -0.646648645401001, -0.5822150707244873, -0.5177815556526184, -0.45334798097610474, -0.38891440629959106, -0.3244808316230774, -0.2600472867488861, -0.19561371207237244, -0.13118015229701996, -0.06674659252166748, -0.002313029021024704, 0.06212053447961807, 0.12655410170555115, 0.19098766148090363, 0.2554212212562561, 0.3198547959327698, 0.38428834080696106, 0.44872191548347473, 0.513155460357666, 0.5775890350341797, 0.6420226097106934, 0.706456184387207, 0.7708897590637207, 0.8353232741355896, 0.8997568488121033, 0.9641904234886169, 1.0286239385604858, 1.0930575132369995, 1.1574910879135132, 1.2219246625900269, 1.2863582372665405, 1.3507918119430542, 1.4152253866195679, 1.4796589612960815, 1.5440925359725952, 1.6085261106491089, 1.672959566116333, 1.7373931407928467, 1.8018267154693604, 1.866260290145874, 1.9306938648223877, 1.9951274394989014]}, "Synthetic_Images": {"_type": "image-file", "path": "media/images/Synthetic_Images_0_b549477736dadb40348b.png", "sha256": "b549477736dadb40348b68687631145e0c1edf0f528ceac7fba562ab15902218", "size": 17946843, "format": "png", "width": 1302, "height": 62402}, "Synthetic_Pixels": {"_type": "histogram", "values": [2, 3, 7, 3, 13, 24, 39, 72, 121, 196, 323, 556, 917, 1401, 2220, 3618, 5479, 8439, 12619, 19116, 29250, 44088, 65885, 97605, 143989, 208595, 300686, 431447, 610076, 848798, 1161501, 1520528, 1769432, 1885359, 1597140, 1146714, 819155, 584830, 419971, 302170, 216338, 153085, 107654, 74239, 51297, 34607, 23154, 15175, 9890, 6613, 4316, 2755, 1612, 1033, 624, 351, 194, 121, 74, 46, 20, 9, 3, 3], "bins": [-2.1286206245422363, -2.0641870498657227, -1.999753475189209, -1.9353199005126953, -1.8708863258361816, -1.806452751159668, -1.7420192956924438, -1.6775857210159302, -1.6131521463394165, -1.5487185716629028, -1.4842849969863892, -1.4198514223098755, -1.3554178476333618, -1.2909842729568481, -1.2265506982803345, -1.1621171236038208, -1.0976836681365967, -1.033250093460083, -0.9688164591789246, -0.9043829441070557, -0.839949369430542, -0.7755157947540283, -0.7110822200775146, -0.646648645401001, -0.5822150707244873, -0.5177815556526184, -0.45334798097610474, -0.38891440629959106, -0.3244808316230774, -0.2600472867488861, -0.19561371207237244, -0.13118015229701996, -0.06674659252166748, -0.002313029021024704, 0.06212053447961807, 0.12655410170555115, 0.19098766148090363, 0.2554212212562561, 0.3198547959327698, 0.38428834080696106, 0.44872191548347473, 0.513155460357666, 0.5775890350341797, 0.6420226097106934, 0.706456184387207, 0.7708897590637207, 0.8353232741355896, 0.8997568488121033, 0.9641904234886169, 1.0286239385604858, 1.0930575132369995, 1.1574910879135132, 1.2219246625900269, 1.2863582372665405, 1.3507918119430542, 1.4152253866195679, 1.4796589612960815, 1.5440925359725952, 1.6085261106491089, 1.672959566116333, 1.7373931407928467, 1.8018267154693604, 1.866260290145874, 1.9306938648223877, 1.9951274394989014]}, "Clipped_Synthetic_Images/std_2.5": {"_type": "image-file", "path": "media/images/Clipped_Synthetic_Images/std_2.5_0_0831eb12c809dbbeefa8.png", "sha256": "0831eb12c809dbbeefa84d3b533962cddef80ff94ef7969f77b0060825360e67", "size": 19053961, "format": "png", "width": 1302, "height": 62402}, "Reconstructed_Images": {"_type": "image-file", "path": "media/images/Reconstructed_Images_0_13a45dc8619873b909e1.png", "sha256": "13a45dc8619873b909e15cff51b64103458936b54b2c7a7ba2610f4db5b633bf", "size": 16602323, "format": "png", "width": 1302, "height": 62402}, "Reconstructed_Pixels": {"_type": "histogram", "values": [188041, 140383, 146487, 161881, 172036, 180556, 194971, 206550, 218440, 229304, 241641, 252540, 259393, 268425, 275895, 283977, 288060, 292395, 296139, 297446, 300180, 301521, 304170, 305515, 306597, 308535, 305988, 304698, 305295, 300312, 295147, 291330, 284252, 278305, 273635, 267247, 262400, 258936, 252207, 243688, 234794, 229139, 224107, 216710, 209527, 198685, 191736, 186063, 180571, 172768, 166734, 162861, 151927, 145795, 138328, 133850, 126198, 120956, 117353, 117006, 115357, 118130, 156298, 586189], "bins": [-0.0008549503982067108, 0.014789775013923645, 0.030434500426054, 0.04607922583818436, 0.06172395125031471, 0.07736867666244507, 0.09301339834928513, 0.10865812748670578, 0.12430284917354584, 0.1399475783109665, 0.15559230744838715, 0.1712370216846466, 0.18688175082206726, 0.20252647995948792, 0.21817119419574738, 0.23381592333316803, 0.24946065247058868, 0.26510536670684814, 0.2807500958442688, 0.29639482498168945, 0.3120395541191101, 0.32768428325653076, 0.3433290123939514, 0.35897374153137207, 0.37461844086647034, 0.390263170003891, 0.40590789914131165, 0.4215526282787323, 0.43719735741615295, 0.4528420865535736, 0.46848681569099426, 0.48413151502609253, 0.4997762441635132, 0.5154209733009338, 0.5310657024383545, 0.5467104315757751, 0.5623551607131958, 0.5779998898506165, 0.5936446189880371, 0.6092893481254578, 0.6249340772628784, 0.6405788064002991, 0.656223475933075, 0.6718682050704956, 0.6875129342079163, 0.7031576633453369, 0.7188023924827576, 0.7344471216201782, 0.7500918507575989, 0.7657365798950195, 0.7813813090324402, 0.7970260381698608, 0.8126707673072815, 0.8283154964447021, 0.8439602255821228, 0.8596049547195435, 0.8752496838569641, 0.89089435338974, 0.9065390825271606, 0.9221838116645813, 0.937828540802002, 0.9534732699394226, 0.9691179990768433, 0.9847627282142639, 1.0004074573516846]}, "Clipped_Reconstructed_Images/std_2.5": {"_type": "image-file", "path": "media/images/Clipped_Reconstructed_Images/std_2.5_0_13a45dc8619873b909e1.png", "sha256": "13a45dc8619873b909e15cff51b64103458936b54b2c7a7ba2610f4db5b633bf", "size": 16602323, "format": "png", "width": 1302, "height": 62402}, "Synthetic_LR": 0.009999999776482582, "_step": 0, "_wandb": {"runtime": 859}}