{"Progress": 0, "_timestamp": 1762280745, "_runtime": 829, "Accuracy/ConvNet": 0.35554, "Max_Accuracy/ConvNet": 0.35554, "Std/ConvNet": 0.0006651315659326445, "Max_Std/ConvNet": 0.0006651315659326445, "Pixels": {"_type": "histogram", "values": [1, 0, 3, 9, 9, 24, 32, 72, 136, 197, 378, 658, 933, 1591, 2656, 4116, 6619, 10701, 16276, 25111, 38603, 58900, 89353, 133128, 197917, 287513, 416052, 592831, 839091, 1158707, 1527468, 1791334, 1925445, 1653062, 1176397, 827774, 585101, 416531, 296453, 210090, 147669, 102599, 69872, 47075, 31381, 20219, 13271, 8360, 5295, 3325, 2147, 1272, 791, 492, 238, 157, 81, 44, 18, 8, 7, 5, 1, 1], "bins": [-2.1230616569519043, -2.0568690299987793, -1.9906765222549438, -1.9244840145111084, -1.858291506767273, -1.7920989990234375, -1.7259063720703125, -1.659713864326477, -1.5935213565826416, -1.5273287296295166, -1.4611362218856812, -1.3949437141418457, -1.3287512063980103, -1.2625585794448853, -1.1963660717010498, -1.1301735639572144, -1.063981056213379, -0.9977884292602539, -0.9315959215164185, -0.8654033541679382, -0.7992108464241028, -0.7330182790756226, -0.6668257713317871, -0.6006332039833069, -0.5344406366348267, -0.4682481288909912, -0.4020555913448334, -0.33586305379867554, -0.2696704864501953, -0.20347796380519867, -0.13728541135787964, -0.0710928738117218, -0.004900336265563965, 0.06129220500588417, 0.1274847388267517, 0.19367729127407074, 0.2598698139190674, 0.3260623812675476, 0.39225491881370544, 0.4584474563598633, 0.5246399641036987, 0.590832531452179, 0.6570250988006592, 0.7232176065444946, 0.7894101738929749, 0.8556026816368103, 0.9217952489852905, 0.987987756729126, 1.054180383682251, 1.1203728914260864, 1.1865653991699219, 1.2527579069137573, 1.3189505338668823, 1.3851430416107178, 1.4513355493545532, 1.5175280570983887, 1.5837206840515137, 1.6499131917953491, 1.7161056995391846, 1.7822983264923096, 1.848490834236145, 1.9146833419799805, 1.980875849723816, 2.0470683574676514, 2.1132609844207764]}, "Synthetic_Images": {"_type": "image-file", "path": "media/images/Synthetic_Images_0_3efed0df67c060529f2f.png", "sha256": "3efed0df67c060529f2f674ece48869ca367842c5f028c055e9a6f8c88b93a3e", "size": 17977015, "format": "png", "width": 1302, "height": 62402}, "Synthetic_Pixels": {"_type": "histogram", "values": [1, 0, 3, 9, 9, 24, 32, 72, 136, 197, 378, 658, 933, 1591, 2656, 4116, 6619, 10701, 16276, 25111, 38603, 58900, 89353, 133128, 197917, 287513, 416052, 592831, 839091, 1158707, 1527468, 1791334, 1925445, 1653062, 1176397, 827774, 585101, 416531, 296453, 210090, 147669, 102599, 69872, 47075, 31381, 20219, 13271, 8360, 5295, 3325, 2147, 1272, 791, 492, 238, 157, 81, 44, 18, 8, 7, 5, 1, 1], "bins": [-2.1230616569519043, -2.0568690299987793, -1.9906765222549438, -1.9244840145111084, -1.858291506767273, -1.7920989990234375, -1.7259063720703125, -1.659713864326477, -1.5935213565826416, -1.5273287296295166, -1.4611362218856812, -1.3949437141418457, -1.3287512063980103, -1.2625585794448853, -1.1963660717010498, -1.1301735639572144, -1.063981056213379, -0.9977884292602539, -0.9315959215164185, -0.8654033541679382, -0.7992108464241028, -0.7330182790756226, -0.6668257713317871, -0.6006332039833069, -0.5344406366348267, -0.4682481288909912, -0.4020555913448334, -0.33586305379867554, -0.2696704864501953, -0.20347796380519867, -0.13728541135787964, -0.0710928738117218, -0.004900336265563965, 0.06129220500588417, 0.1274847388267517, 0.19367729127407074, 0.2598698139190674, 0.3260623812675476, 0.39225491881370544, 0.4584474563598633, 0.5246399641036987, 0.590832531452179, 0.6570250988006592, 0.7232176065444946, 0.7894101738929749, 0.8556026816368103, 0.9217952489852905, 0.987987756729126, 1.054180383682251, 1.1203728914260864, 1.1865653991699219, 1.2527579069137573, 1.3189505338668823, 1.3851430416107178, 1.4513355493545532, 1.5175280570983887, 1.5837206840515137, 1.6499131917953491, 1.7161056995391846, 1.7822983264923096, 1.848490834236145, 1.9146833419799805, 1.980875849723816, 2.0470683574676514, 2.1132609844207764]}, "Clipped_Synthetic_Images/std_2.5": {"_type": "image-file", "path": "media/images/Clipped_Synthetic_Images/std_2.5_0_2eaefb367c77d913b838.png", "sha256": "2eaefb367c77d913b838971a252fad7817506c8306873a6c41f4a2ba02bf6426", "size": 19087177, "format": "png", "width": 1302, "height": 62402}, "Reconstructed_Images": {"_type": "image-file", "path": "media/images/Reconstructed_Images_0_19660a0b916cf16d0175.png", "sha256": "19660a0b916cf16d01758db6abdbdc5514f3f645f0bf59630317b071e2c01c1d", "size": 16603844, "format": "png", "width": 1302, "height": 62402}, "Reconstructed_Pixels": {"_type": "histogram", "values": [189127, 143438, 141236, 151624, 162881, 178211, 194891, 205474, 219518, 229890, 239366, 248567, 258889, 268533, 275070, 282453, 288966, 294291, 297520, 301394, 301426, 303409, 305286, 303789, 303080, 303769, 301667, 299345, 299743, 297554, 292681, 289815, 286099, 281568, 276279, 269921, 265517, 258999, 252812, 247428, 239383, 232034, 224493, 218732, 211646, 205481, 197500, 192036, 182611, 176215, 169954, 167036, 155020, 146997, 140218, 134207, 126463, 123069, 117901, 115757, 109382, 112979, 147917, 587043], "bins": [-0.00086053810082376, 0.014782620593905449, 0.0304257795214653, 0.046068936586380005, 0.06171209365129471, 0.07735525071620941, 0.09299841523170471, 0.10864157229661942, 0.12428472936153412, 0.13992789387702942, 0.15557104349136353, 0.17121420800685883, 0.18685735762119293, 0.20250052213668823, 0.21814368665218353, 0.23378683626651764, 0.24943000078201294, 0.26507315039634705, 0.28071630001068115, 0.29635947942733765, 0.31200262904167175, 0.32764577865600586, 0.34328895807266235, 0.35893210768699646, 0.37457525730133057, 0.39021843671798706, 0.40586158633232117, 0.4215047359466553, 0.4371478855609894, 0.4527910649776459, 0.46843421459198, 0.4840773642063141, 0.4997205436229706, 0.5153636932373047, 0.5310068726539612, 0.5466499924659729, 0.5622931718826294, 0.5779363512992859, 0.5935794711112976, 0.6092226505279541, 0.6248657703399658, 0.6405089497566223, 0.6561521291732788, 0.6717952489852905, 0.687438428401947, 0.7030816078186035, 0.7187247276306152, 0.7343679070472717, 0.7500110864639282, 0.7656542062759399, 0.7812973856925964, 0.7969405651092529, 0.8125836849212646, 0.8282268643379211, 0.8438700437545776, 0.8595131635665894, 0.8751563429832458, 0.8907994627952576, 0.9064426422119141, 0.9220858216285706, 0.9377289414405823, 0.9533721208572388, 0.9690153002738953, 0.984658420085907, 1.0003015995025635]}, "Clipped_Reconstructed_Images/std_2.5": {"_type": "image-file", "path": "media/images/Clipped_Reconstructed_Images/std_2.5_0_19660a0b916cf16d0175.png", "sha256": "19660a0b916cf16d01758db6abdbdc5514f3f645f0bf59630317b071e2c01c1d", "size": 16603844, "format": "png", "width": 1302, "height": 62402}, "Synthetic_LR": 0.009999999776482582, "_step": 0, "_wandb": {"runtime": 830}}