{"Progress": 5000, "_timestamp": 1761888639, "_runtime": 14144, "Accuracy/ConvNet": 0.06708, "Max_Accuracy/ConvNet": 0.18122, "Std/ConvNet": 0.00379441695125878, "Max_Std/ConvNet": 0.0038358310703157958, "Pixels": {"_type": "histogram", "values": [1, 0, 1, 0, 0, 0, 2, 3, 6, 15, 19, 27, 42, 80, 136, 220, 396, 664, 1136, 1865, 3079, 5193, 8363, 13377, 21949, 35417, 56444, 88383, 135283, 200610, 282780, 364239, 396336, 353069, 270199, 188293, 125244, 80425, 50728, 31531, 19517, 11745, 7182, 4217, 2531, 1591, 967, 589, 340, 227, 135, 82, 42, 32, 23, 12, 6, 1, 1, 2, 1, 0, 1, 1], "bins": [-3.2182223796844482, -3.118805408477783, -3.019388437271118, -2.919971227645874, -2.820554256439209, -2.721137285232544, -2.621720314025879, -2.522303342819214, -2.422886371612549, -2.3234691619873047, -2.2240521907806396, -2.1246352195739746, -2.0252182483673096, -1.9258012771606445, -1.82638418674469, -1.726967215538025, -1.6275501251220703, -1.5281331539154053, -1.4287161827087402, -1.3292990922927856, -1.2298821210861206, -1.1304651498794556, -1.031048059463501, -0.9316310882568359, -0.8322141170501709, -0.7327970862388611, -0.6333800554275513, -0.5339630246162415, -0.4345460534095764, -0.3351290225982666, -0.23571202158927917, -0.13629500567913055, -0.036877989768981934, 0.06253902614116669, 0.1619560420513153, 0.26137304306030273, 0.36079007387161255, 0.4602070748806, 0.5596240758895874, 0.6590411067008972, 0.758458137512207, 0.8578751087188721, 0.9572921395301819, 1.0567091703414917, 1.1561261415481567, 1.2555431127548218, 1.3549602031707764, 1.4543771743774414, 1.5537941455841064, 1.653211236000061, 1.752628207206726, 1.8520452976226807, 1.9514622688293457, 2.0508792400360107, 2.150296211242676, 2.249713182449341, 2.349130392074585, 2.44854736328125, 2.547964334487915, 2.64738130569458, 2.746798276901245, 2.84621524810791, 2.9456324577331543, 3.0450494289398193, 3.1444664001464844]}, "Synthetic_Images": {"_type": "image-file", "path": "media/images/Synthetic_Images_5000_975e31ab64d8eb4c96ef.png", "sha256": "975e31ab64d8eb4c96ef1eb5f7d60b52512b829b327d2ec686fa421c143e1827", "size": 3643864, "format": "png", "width": 1302, "height": 11702}, "Synthetic_Pixels": {"_type": "histogram", "values": [1, 0, 1, 0, 0, 0, 2, 3, 6, 15, 19, 27, 42, 80, 136, 220, 396, 664, 1136, 1865, 3079, 5193, 8363, 13377, 21949, 35417, 56444, 88383, 135283, 200610, 282780, 364239, 396336, 353069, 270199, 188293, 125244, 80425, 50728, 31531, 19517, 11745, 7182, 4217, 2531, 1591, 967, 589, 340, 227, 135, 82, 42, 32, 23, 12, 6, 1, 1, 2, 1, 0, 1, 1], "bins": [-3.2182223796844482, -3.118805408477783, -3.019388437271118, -2.919971227645874, -2.820554256439209, -2.721137285232544, -2.621720314025879, -2.522303342819214, -2.422886371612549, -2.3234691619873047, -2.2240521907806396, -2.1246352195739746, -2.0252182483673096, -1.9258012771606445, -1.82638418674469, -1.726967215538025, -1.6275501251220703, -1.5281331539154053, -1.4287161827087402, -1.3292990922927856, -1.2298821210861206, -1.1304651498794556, -1.031048059463501, -0.9316310882568359, -0.8322141170501709, -0.7327970862388611, -0.6333800554275513, -0.5339630246162415, -0.4345460534095764, -0.3351290225982666, -0.23571202158927917, -0.13629500567913055, -0.036877989768981934, 0.06253902614116669, 0.1619560420513153, 0.26137304306030273, 0.36079007387161255, 0.4602070748806, 0.5596240758895874, 0.6590411067008972, 0.758458137512207, 0.8578751087188721, 0.9572921395301819, 1.0567091703414917, 1.1561261415481567, 1.2555431127548218, 1.3549602031707764, 1.4543771743774414, 1.5537941455841064, 1.653211236000061, 1.752628207206726, 1.8520452976226807, 1.9514622688293457, 2.0508792400360107, 2.150296211242676, 2.249713182449341, 2.349130392074585, 2.44854736328125, 2.547964334487915, 2.64738130569458, 2.746798276901245, 2.84621524810791, 2.9456324577331543, 3.0450494289398193, 3.1444664001464844]}, "Clipped_Synthetic_Images/std_2.5": {"_type": "image-file", "path": "media/images/Clipped_Synthetic_Images/std_2.5_5000_3bda943465e4c13aeace.png", "sha256": "3bda943465e4c13aeacedfba4822d5e330e1dac62ac29ed7aa019818d8fb089c", "size": 3892333, "format": "png", "width": 1302, "height": 11702}, "Reconstructed_Images": {"_type": "image-file", "path": "media/images/Reconstructed_Images_5000_f31a3b99c1c300f96935.png", "sha256": "f31a3b99c1c300f969352453b45e5a4abf059ce3d1c5b300fab72f01caa5330d", "size": 3404459, "format": "png", "width": 1302, "height": 11702}, "Reconstructed_Pixels": {"_type": "histogram", "values": [6, 7, 18, 36, 73, 168, 269, 389, 717, 1134, 1849, 3044, 4567, 6681, 9723, 13872, 18862, 25263, 33704, 43223, 54553, 67379, 80861, 95643, 110411, 123751, 137239, 146765, 154783, 158556, 157773, 154551, 148369, 138487, 128290, 116363, 103965, 91951, 80052, 69085, 58701, 48356, 40188, 32339, 25946, 20702, 15740, 11836, 8738, 6493, 4423, 3051, 1926, 1321, 839, 585, 484, 281, 170, 134, 70, 24, 16, 5], "bins": [-0.9055019617080688, -0.8599180579185486, -0.8143340945243835, -0.7687501907348633, -0.7231662273406982, -0.677582323551178, -0.6319984197616577, -0.5864144563674927, -0.5408305525779724, -0.49524661898612976, -0.4496626853942871, -0.40407875180244446, -0.3584948182106018, -0.31291088461875916, -0.2673269808292389, -0.22174304723739624, -0.1761591136455536, -0.13057518005371094, -0.08499126136302948, -0.03940732777118683, 0.006176598370075226, 0.05176052451133728, 0.09734445810317993, 0.1429283767938614, 0.18851231038570404, 0.2340962439775467, 0.27968016266822815, 0.3252640962600708, 0.37084802985191345, 0.4164319634437561, 0.46201586723327637, 0.5075998306274414, 0.5531837344169617, 0.5987676382064819, 0.644351601600647, 0.6899355053901672, 0.7355194687843323, 0.7811033725738525, 0.8266872763633728, 0.8722712397575378, 0.9178551435470581, 0.9634391069412231, 1.0090230703353882, 1.0546069145202637, 1.1001908779144287, 1.1457748413085938, 1.1913586854934692, 1.2369426488876343, 1.2825266122817993, 1.3281104564666748, 1.3736944198608398, 1.4192783832550049, 1.46486234664917, 1.5104461908340454, 1.5560301542282104, 1.6016141176223755, 1.647197961807251, 1.692781925201416, 1.738365888595581, 1.7839497327804565, 1.8295336961746216, 1.8751176595687866, 1.9207016229629517, 1.9662854671478271, 2.011869430541992]}, "Clipped_Reconstructed_Images/std_2.5": {"_type": "image-file", "path": "media/images/Clipped_Reconstructed_Images/std_2.5_5000_d1288c12c355b9379eeb.png", "sha256": "d1288c12c355b9379eebbc31b8be998373d03f20f79e8d38ed22524dfffa21fd", "size": 3453543, "format": "png", "width": 1302, "height": 11702}, "Synthetic_LR": 0.07868225872516632, "Grand_Loss": 0.9217031598091125, "Start_Epoch": 14, "_step": 5000, "_wandb": {"runtime": 14144}}