{"Progress": 5000, "_timestamp": 1762266170, "_runtime": 21930, "Accuracy/ConvNet": 0.07052, "Max_Accuracy/ConvNet": 0.17165999999999998, "Std/ConvNet": 0.002892334697091608, "Max_Std/ConvNet": 0.0024385241438214197, "Pixels": {"_type": "histogram", "values": [2, 1, 2, 1, 1, 2, 2, 3, 6, 12, 15, 20, 37, 67, 117, 189, 328, 560, 1001, 1664, 3034, 5415, 9219, 16223, 28085, 47182, 77909, 123386, 188025, 270584, 355961, 404516, 378585, 299397, 210784, 138218, 85764, 50539, 29702, 16811, 9459, 5247, 2986, 1629, 908, 489, 295, 164, 110, 56, 36, 25, 7, 4, 5, 4, 2, 1, 0, 2, 1, 0, 0, 1], "bins": [-4.100091457366943, -3.970249891281128, -3.8404083251953125, -3.710566520690918, -3.5807249546051025, -3.450883388519287, -3.3210415840148926, -3.191200017929077, -3.0613584518432617, -2.9315168857574463, -2.801675319671631, -2.6718335151672363, -2.541991949081421, -2.4121503829956055, -2.282308578491211, -2.1524670124053955, -2.02262544631958, -1.8927838802337646, -1.7629421949386597, -1.6331005096435547, -1.5032589435577393, -1.3734173774719238, -1.2435756921768188, -1.1137340068817139, -0.9838924407958984, -0.8540508151054382, -0.724209189414978, -0.5943675637245178, -0.4645259380340576, -0.3346843123435974, -0.2048426866531372, -0.075001060962677, 0.0548405647277832, 0.1846821904182434, 0.3145238161087036, 0.4443654417991638, 0.574207067489624, 0.7040486931800842, 0.8338903188705444, 0.9637319445610046, 1.0935735702514648, 1.2234151363372803, 1.3532568216323853, 1.4830985069274902, 1.6129400730133057, 1.742781639099121, 1.872623324394226, 2.002465009689331, 2.1323065757751465, 2.262148141860962, 2.3919897079467773, 2.521831512451172, 2.6516730785369873, 2.7815146446228027, 2.9113564491271973, 3.0411980152130127, 3.171039581298828, 3.3008811473846436, 3.430722713470459, 3.5605645179748535, 3.690406084060669, 3.8202476501464844, 3.950089454650879, 4.079930782318115, 4.20977258682251]}, "Synthetic_Images": {"_type": "image-file", "path": "media/images/Synthetic_Images_5000_4ac9fc145bf1bcd53fde.png", "sha256": "4ac9fc145bf1bcd53fde800534f776315e81d9a140fc3807d02fe70dce99a01e", "size": 3670038, "format": "png", "width": 1302, "height": 11702}, "Synthetic_Pixels": {"_type": "histogram", "values": [2, 1, 2, 1, 1, 2, 2, 3, 6, 12, 15, 20, 37, 67, 117, 189, 328, 560, 1001, 1664, 3034, 5415, 9219, 16223, 28085, 47182, 77909, 123386, 188025, 270584, 355961, 404516, 378585, 299397, 210784, 138218, 85764, 50539, 29702, 16811, 9459, 5247, 2986, 1629, 908, 489, 295, 164, 110, 56, 36, 25, 7, 4, 5, 4, 2, 1, 0, 2, 1, 0, 0, 1], "bins": [-4.100091457366943, -3.970249891281128, -3.8404083251953125, -3.710566520690918, -3.5807249546051025, -3.450883388519287, -3.3210415840148926, -3.191200017929077, -3.0613584518432617, -2.9315168857574463, -2.801675319671631, -2.6718335151672363, -2.541991949081421, -2.4121503829956055, -2.282308578491211, -2.1524670124053955, -2.02262544631958, -1.8927838802337646, -1.7629421949386597, -1.6331005096435547, -1.5032589435577393, -1.3734173774719238, -1.2435756921768188, -1.1137340068817139, -0.9838924407958984, -0.8540508151054382, -0.724209189414978, -0.5943675637245178, -0.4645259380340576, -0.3346843123435974, -0.2048426866531372, -0.075001060962677, 0.0548405647277832, 0.1846821904182434, 0.3145238161087036, 0.4443654417991638, 0.574207067489624, 0.7040486931800842, 0.8338903188705444, 0.9637319445610046, 1.0935735702514648, 1.2234151363372803, 1.3532568216323853, 1.4830985069274902, 1.6129400730133057, 1.742781639099121, 1.872623324394226, 2.002465009689331, 2.1323065757751465, 2.262148141860962, 2.3919897079467773, 2.521831512451172, 2.6516730785369873, 2.7815146446228027, 2.9113564491271973, 3.0411980152130127, 3.171039581298828, 3.3008811473846436, 3.430722713470459, 3.5605645179748535, 3.690406084060669, 3.8202476501464844, 3.950089454650879, 4.079930782318115, 4.20977258682251]}, "Clipped_Synthetic_Images/std_2.5": {"_type": "image-file", "path": "media/images/Clipped_Synthetic_Images/std_2.5_5000_da444ec74015b7ab6ef6.png", "sha256": "da444ec74015b7ab6ef63d365908c21ec0515228fcff8970cecfa56d6032c32c", "size": 3914428, "format": "png", "width": 1302, "height": 11702}, "Reconstructed_Images": {"_type": "image-file", "path": "media/images/Reconstructed_Images_5000_ce862fe3f8d47e9a93c8.png", "sha256": "ce862fe3f8d47e9a93c887a508a01481b99a70a1794c02f96dbd8a1d879a5322", "size": 3422568, "format": "png", "width": 1302, "height": 11702}, "Reconstructed_Pixels": {"_type": "histogram", "values": [2, 0, 0, 0, 0, 4, 7, 7, 18, 25, 29, 38, 49, 73, 87, 157, 242, 403, 632, 1048, 1810, 3287, 5658, 10071, 18060, 31118, 49835, 77753, 114388, 156186, 200874, 238700, 266589, 274988, 265477, 241576, 209702, 170312, 132488, 97813, 69237, 47497, 31207, 19605, 11638, 6887, 3910, 2238, 1240, 756, 462, 251, 148, 101, 42, 35, 22, 9, 3, 1, 2, 1, 1, 1], "bins": [-2.662078857421875, -2.568615674972534, -2.4751524925231934, -2.3816893100738525, -2.2882261276245117, -2.194762706756592, -2.101299524307251, -2.00783634185791, -1.9143731594085693, -1.8209099769592285, -1.7274467945098877, -1.6339834928512573, -1.5405203104019165, -1.4470571279525757, -1.3535938262939453, -1.2601306438446045, -1.1666674613952637, -1.0732042789459229, -0.9797410368919373, -0.8862777948379517, -0.7928146123886108, -0.69935142993927, -0.6058881878852844, -0.5124249458312988, -0.418961763381958, -0.3254985511302948, -0.2320353388786316, -0.13857212662696838, -0.045108914375305176, 0.04835429787635803, 0.14181751012802124, 0.23528072237968445, 0.32874393463134766, 0.42220714688301086, 0.5156703591346741, 0.6091336011886597, 0.7025967836380005, 0.7960599660873413, 0.8895232081413269, 0.9829864501953125, 1.0764496326446533, 1.1699128150939941, 1.263375997543335, 1.3568392992019653, 1.4503024816513062, 1.543765664100647, 1.6372289657592773, 1.7306921482086182, 1.824155330657959, 1.9176185131072998, 2.0110816955566406, 2.1045448780059814, 2.1980080604553223, 2.291471481323242, 2.384934663772583, 2.478397846221924, 2.5718610286712646, 2.6653242111206055, 2.7587873935699463, 2.852250576019287, 2.945713996887207, 3.039177179336548, 3.1326403617858887, 3.2261035442352295, 3.3195667266845703]}, "Clipped_Reconstructed_Images/std_2.5": {"_type": "image-file", "path": "media/images/Clipped_Reconstructed_Images/std_2.5_5000_75d9cd369e9519adbcbd.png", "sha256": "75d9cd369e9519adbcbd64c93a104f45ffc6866f292730cc727b86a6a779fbd4", "size": 3474159, "format": "png", "width": 1302, "height": 11702}, "Synthetic_LR": 0.07681021839380264, "Grand_Loss": 0.9119395613670349, "Start_Epoch": 11, "_step": 5000, "_wandb": {"runtime": 21928}}